"filename", "language", "C++", "JSON with Comments", "JSON", "CMake", "log", "C", "CMake Cache", "comment", "blank", "total"
"/home/liuchen/项目/mymuduo/Acceptor.cc", "C++", 67, 0, 0, 0, 0, 0, 0, 2, 7, 76
"/home/liuchen/项目/mymuduo/Acceptor.h", "C++", 30, 0, 0, 0, 0, 0, 0, 0, 8, 38
"/home/liuchen/项目/mymuduo/Buffer.cc", "C++", 42, 0, 0, 0, 0, 0, 0, 2, 8, 52
"/home/liuchen/项目/mymuduo/Buffer.h", "C++", 99, 0, 0, 0, 0, 0, 0, 5, 20, 124
"/home/liuchen/项目/mymuduo/Callbacks.h", "C++", 15, 0, 0, 0, 0, 0, 0, 1, 6, 22
"/home/liuchen/项目/mymuduo/Channel.cc", "C++", 65, 0, 0, 0, 0, 0, 0, 7, 11, 83
"/home/liuchen/项目/mymuduo/Channel.h", "C++", 75, 0, 0, 0, 0, 0, 0, 11, 17, 103
"/home/liuchen/项目/mymuduo/CurrentThread.cc", "C++", 15, 0, 0, 0, 0, 0, 0, 0, 5, 20
"/home/liuchen/项目/mymuduo/CurrentThread.h", "C++", 19, 0, 0, 0, 0, 0, 0, 1, 8, 28
"/home/liuchen/项目/mymuduo/DefaultPoller.cc", "C++", 17, 0, 0, 0, 0, 0, 0, 0, 4, 21
"/home/liuchen/项目/mymuduo/EpollPoller.cc", "C++", 129, 0, 0, 0, 0, 0, 0, 21, 17, 167
"/home/liuchen/项目/mymuduo/EpollPoller.h", "C++", 25, 0, 0, 0, 0, 0, 0, 10, 8, 43
"/home/liuchen/项目/mymuduo/EventLoop.cc", "C++", 147, 0, 0, 0, 0, 0, 0, 34, 14, 195
"/home/liuchen/项目/mymuduo/EventLoop.h", "C++", 47, 0, 0, 0, 0, 0, 0, 7, 17, 71
"/home/liuchen/项目/mymuduo/EventLoopThread.cc", "C++", 49, 0, 0, 0, 0, 0, 0, 2, 11, 62
"/home/liuchen/项目/mymuduo/EventLoopThread.h", "C++", 27, 0, 0, 0, 0, 0, 0, 0, 9, 36
"/home/liuchen/项目/mymuduo/EventLoopThreadPool.cc", "C++", 54, 0, 0, 0, 0, 0, 0, 4, 9, 67
"/home/liuchen/项目/mymuduo/EventLoopThreadPool.h", "C++", 32, 0, 0, 0, 0, 0, 0, 1, 12, 45
"/home/liuchen/项目/mymuduo/InetAddress.cc", "C++", 32, 0, 0, 0, 0, 0, 0, 12, 7, 51
"/home/liuchen/项目/mymuduo/InetAddress.h", "C++", 21, 0, 0, 0, 0, 0, 0, 1, 6, 28
"/home/liuchen/项目/mymuduo/Logger.cc", "C++", 36, 0, 0, 0, 0, 0, 0, 5, 5, 46
"/home/liuchen/项目/mymuduo/Logger.h", "C++", 64, 0, 0, 0, 0, 0, 0, 6, 11, 81
"/home/liuchen/项目/mymuduo/Poller.cc", "C++", 11, 0, 0, 0, 0, 0, 0, 0, 6, 17
"/home/liuchen/项目/mymuduo/Poller.h", "C++", 27, 0, 0, 0, 0, 0, 0, 5, 7, 39
"/home/liuchen/项目/mymuduo/Socket.cc", "C++", 68, 0, 0, 0, 0, 0, 0, 0, 12, 80
"/home/liuchen/项目/mymuduo/Socket.h", "C++", 23, 0, 0, 0, 0, 0, 0, 1, 7, 31
"/home/liuchen/项目/mymuduo/TcpConnection.cc", "C++", 217, 0, 0, 0, 0, 0, 0, 12, 18, 247
"/home/liuchen/项目/mymuduo/TcpConnection.h", "C++", 83, 0, 0, 0, 0, 0, 0, 2, 24, 109
"/home/liuchen/项目/mymuduo/TcpServer.cc", "C++", 80, 0, 0, 0, 0, 0, 0, 9, 12, 101
"/home/liuchen/项目/mymuduo/TcpServer.h", "C++", 50, 0, 0, 0, 0, 0, 0, 7, 15, 72
"/home/liuchen/项目/mymuduo/Thread.cc", "C++", 46, 0, 0, 0, 0, 0, 0, 3, 9, 58
"/home/liuchen/项目/mymuduo/Thread.h", "C++", 33, 0, 0, 0, 0, 0, 0, 0, 10, 43
"/home/liuchen/项目/mymuduo/Timestamp.cc", "C++", 27, 0, 0, 0, 0, 0, 0, 6, 8, 41
"/home/liuchen/项目/mymuduo/Timestamp.h", "C++", 16, 0, 0, 0, 0, 0, 0, 0, 5, 21
"/home/liuchen/项目/mymuduo/build/.cmake/api/v1/query/client-vscode/query.json", "JSON", 0, 0, 1, 0, 0, 0, 0, 0, 0, 1
"/home/liuchen/项目/mymuduo/build/.cmake/api/v1/reply/cache-v2-c51e909bea7c8e6e5be5.json", "JSON", 0, 0, 1183, 0, 0, 0, 0, 0, 1, 1184
"/home/liuchen/项目/mymuduo/build/.cmake/api/v1/reply/cmakeFiles-v1-022678e24144a0b7449b.json", "JSON", 0, 0, 156, 0, 0, 0, 0, 0, 1, 157
"/home/liuchen/项目/mymuduo/build/.cmake/api/v1/reply/codemodel-v2-e96d00d721919a029805.json", "JSON", 0, 0, 60, 0, 0, 0, 0, 0, 1, 61
"/home/liuchen/项目/mymuduo/build/.cmake/api/v1/reply/directory-.-Debug-f5ebdc15457944623624.json", "JSON", 0, 0, 14, 0, 0, 0, 0, 0, 1, 15
"/home/liuchen/项目/mymuduo/build/.cmake/api/v1/reply/index-2023-01-26T15-25-29-0123.json", "JSON", 0, 0, 132, 0, 0, 0, 0, 0, 1, 133
"/home/liuchen/项目/mymuduo/build/.cmake/api/v1/reply/target-mymuduo-Debug-6d97d47ef22e499cd0cf.json", "JSON", 0, 0, 221, 0, 0, 0, 0, 0, 1, 222
"/home/liuchen/项目/mymuduo/build/.cmake/api/v1/reply/toolchains-v1-77b1fedc25d3af5713c5.json", "JSON", 0, 0, 113, 0, 0, 0, 0, 0, 1, 114
"/home/liuchen/项目/mymuduo/build/CMakeCache.txt", "CMake Cache", 0, 0, 0, 0, 0, 0, 299, 0, 66, 365
"/home/liuchen/项目/mymuduo/build/CMakeFiles/3.25.0-rc3/CMakeCCompiler.cmake", "CMake", 0, 0, 0, 55, 0, 0, 0, 0, 18, 73
"/home/liuchen/项目/mymuduo/build/CMakeFiles/3.25.0-rc3/CMakeCXXCompiler.cmake", "CMake", 0, 0, 0, 64, 0, 0, 0, 0, 20, 84
"/home/liuchen/项目/mymuduo/build/CMakeFiles/3.25.0-rc3/CMakeSystem.cmake", "CMake", 0, 0, 0, 10, 0, 0, 0, 0, 6, 16
"/home/liuchen/项目/mymuduo/build/CMakeFiles/3.25.0-rc3/CompilerIdC/CMakeCCompilerId.c", "C", 0, 0, 0, 0, 0, 661, 0, 61, 147, 869
"/home/liuchen/项目/mymuduo/build/CMakeFiles/3.25.0-rc3/CompilerIdCXX/CMakeCXXCompilerId.cpp", "C++", 650, 0, 0, 0, 0, 0, 0, 63, 145, 858
"/home/liuchen/项目/mymuduo/build/CMakeFiles/CMakeOutput.log", "log", 0, 0, 0, 0, 349, 0, 0, 0, 27, 376
"/home/liuchen/项目/mymuduo/build/cmake_install.cmake", "CMake", 0, 0, 0, 46, 0, 0, 0, 0, 9, 55
"/home/liuchen/项目/mymuduo/build/compile_commands.json", "JSON", 0, 0, 87, 0, 0, 0, 0, 0, 0, 87
"/home/liuchen/项目/mymuduo/mymuduo.code-workspace", "JSON with Comments", 0, 38, 0, 0, 0, 0, 0, 0, 0, 38
"/home/liuchen/项目/mymuduo/noncopyable.h", "C++", 13, 0, 0, 0, 0, 0, 0, 4, 2, 19
"/home/liuchen/项目/mymuduo/testmuduo/muduo_server.cpp", "C++", 59, 0, 0, 0, 0, 0, 0, 14, 6, 79
"Total", "-", 2510, 38, 1967, 175, 349, 661, 299, 319, 806, 7124