"filename", "language", "C++", "Markdown", "JSON with Comments", "CMake", "JSON", "CMake Cache", "log", "comment", "blank", "total"
"/home/liuchen/项目/Muduo_WebServer/CPP14WebServer.md", "Markdown", 0, 12, 0, 0, 0, 0, 0, 0, 11, 23
"/home/liuchen/项目/Muduo_WebServer/Muduo_WebServer.code-workspace", "JSON with Comments", 0, 0, 74, 0, 0, 0, 0, 0, 0, 74
"/home/liuchen/项目/Muduo_WebServer/build/.cmake/api/v1/query/client-vscode/query.json", "JSON", 0, 0, 0, 0, 1, 0, 0, 0, 0, 1
"/home/liuchen/项目/Muduo_WebServer/build/.cmake/api/v1/reply/cache-v2-456242748d8ddf5e2411.json", "JSON", 0, 0, 0, 0, 1127, 0, 0, 0, 1, 1128
"/home/liuchen/项目/Muduo_WebServer/build/.cmake/api/v1/reply/cmakeFiles-v1-7cff423ea3034e5ea6be.json", "JSON", 0, 0, 0, 0, 156, 0, 0, 0, 1, 157
"/home/liuchen/项目/Muduo_WebServer/build/.cmake/api/v1/reply/codemodel-v2-9f5a03f3a77abd4c10da.json", "JSON", 0, 0, 0, 0, 138, 0, 0, 0, 1, 139
"/home/liuchen/项目/Muduo_WebServer/build/.cmake/api/v1/reply/directory-.-Debug-f5ebdc15457944623624.json", "JSON", 0, 0, 0, 0, 14, 0, 0, 0, 1, 15
"/home/liuchen/项目/Muduo_WebServer/build/.cmake/api/v1/reply/directory-http-Debug-33cc5cc33a560f8f299b.json", "JSON", 0, 0, 0, 0, 14, 0, 0, 0, 1, 15
"/home/liuchen/项目/Muduo_WebServer/build/.cmake/api/v1/reply/directory-mymuduo-Debug-696fa1ded8dcc800dcaa.json", "JSON", 0, 0, 0, 0, 14, 0, 0, 0, 1, 15
"/home/liuchen/项目/Muduo_WebServer/build/.cmake/api/v1/reply/directory-mymuduo.test-Debug-59ad8cad089b2edb6c35.json", "JSON", 0, 0, 0, 0, 14, 0, 0, 0, 1, 15
"/home/liuchen/项目/Muduo_WebServer/build/.cmake/api/v1/reply/index-2023-02-19T03-43-07-0316.json", "JSON", 0, 0, 0, 0, 132, 0, 0, 0, 1, 133
"/home/liuchen/项目/Muduo_WebServer/build/.cmake/api/v1/reply/target-httpServer-Debug-9b2184b7f731bebca792.json", "JSON", 0, 0, 0, 0, 166, 0, 0, 0, 1, 167
"/home/liuchen/项目/Muduo_WebServer/build/.cmake/api/v1/reply/target-mymuduo-Debug-d94f5cda64d73d0f05fc.json", "JSON", 0, 0, 0, 0, 440, 0, 0, 0, 1, 441
"/home/liuchen/项目/Muduo_WebServer/build/.cmake/api/v1/reply/target-test01-Debug-6a482af694dff58692bd.json", "JSON", 0, 0, 0, 0, 156, 0, 0, 0, 1, 157
"/home/liuchen/项目/Muduo_WebServer/build/.cmake/api/v1/reply/target-test02-Debug-eb7692dcd9487268558a.json", "JSON", 0, 0, 0, 0, 156, 0, 0, 0, 1, 157
"/home/liuchen/项目/Muduo_WebServer/build/.cmake/api/v1/reply/toolchains-v1-2bd808a9c78ff19f8250.json", "JSON", 0, 0, 0, 0, 70, 0, 0, 0, 1, 71
"/home/liuchen/项目/Muduo_WebServer/build/CMakeCache.txt", "CMake Cache", 0, 0, 0, 0, 0, 279, 0, 0, 60, 339
"/home/liuchen/项目/Muduo_WebServer/build/CMakeFiles/3.25.0-rc3/CMakeCXXCompiler.cmake", "CMake", 0, 0, 0, 64, 0, 0, 0, 0, 20, 84
"/home/liuchen/项目/Muduo_WebServer/build/CMakeFiles/3.25.0-rc3/CMakeSystem.cmake", "CMake", 0, 0, 0, 10, 0, 0, 0, 0, 6, 16
"/home/liuchen/项目/Muduo_WebServer/build/CMakeFiles/3.25.0-rc3/CompilerIdCXX/CMakeCXXCompilerId.cpp", "C++", 650, 0, 0, 0, 0, 0, 0, 63, 145, 858
"/home/liuchen/项目/Muduo_WebServer/build/CMakeFiles/CMakeError.log", "log", 0, 0, 0, 0, 0, 0, 39, 0, 13, 52
"/home/liuchen/项目/Muduo_WebServer/build/CMakeFiles/CMakeOutput.log", "log", 0, 0, 0, 0, 0, 0, 183, 0, 18, 201
"/home/liuchen/项目/Muduo_WebServer/build/CMakeFiles/VerifyGlobs.cmake", "CMake", 0, 0, 0, 91, 0, 0, 0, 0, 5, 96
"/home/liuchen/项目/Muduo_WebServer/build/cmake_install.cmake", "CMake", 0, 0, 0, 51, 0, 0, 0, 0, 11, 62
"/home/liuchen/项目/Muduo_WebServer/build/compile_commands.json", "JSON", 0, 0, 0, 0, 142, 0, 0, 0, 0, 142
"/home/liuchen/项目/Muduo_WebServer/build/http/cmake_install.cmake", "CMake", 0, 0, 0, 37, 0, 0, 0, 0, 8, 45
"/home/liuchen/项目/Muduo_WebServer/build/mymuduo/CTestTestfile.cmake", "CMake", 0, 0, 0, 7, 0, 0, 0, 0, 1, 8
"/home/liuchen/项目/Muduo_WebServer/build/mymuduo/cmake_install.cmake", "CMake", 0, 0, 0, 41, 0, 0, 0, 0, 10, 51
"/home/liuchen/项目/Muduo_WebServer/build/mymuduo/test/CTestTestfile.cmake", "CMake", 0, 0, 0, 10, 0, 0, 0, 0, 1, 11
"/home/liuchen/项目/Muduo_WebServer/build/mymuduo/test/cmake_install.cmake", "CMake", 0, 0, 0, 37, 0, 0, 0, 0, 8, 45
"/home/liuchen/项目/Muduo_WebServer/http/include/http/HttpContext.h", "C++", 47, 0, 0, 0, 0, 0, 0, 2, 13, 62
"/home/liuchen/项目/Muduo_WebServer/http/include/http/HttpRequest.h", "C++", 168, 0, 0, 0, 0, 0, 0, 1, 21, 190
"/home/liuchen/项目/Muduo_WebServer/http/include/http/HttpResponse.h", "C++", 61, 0, 0, 0, 0, 0, 0, 2, 14, 77
"/home/liuchen/项目/Muduo_WebServer/http/include/http/HttpServer.h", "C++", 34, 0, 0, 0, 0, 0, 0, 1, 11, 46
"/home/liuchen/项目/Muduo_WebServer/http/src/HttpContext.cc", "C++", 48, 0, 0, 0, 0, 0, 0, 0, 3, 51
"/home/liuchen/项目/Muduo_WebServer/http/src/HttpResponse.cc", "C++", 36, 0, 0, 0, 0, 0, 0, 0, 7, 43
"/home/liuchen/项目/Muduo_WebServer/http/src/HttpServer.cc", "C++", 86, 0, 0, 0, 0, 0, 0, 9, 14, 109
"/home/liuchen/项目/Muduo_WebServer/mymuduo/.VSCodeCounter/2023-01-18_00-30-25/details.md", "Markdown", 0, 164, 0, 0, 0, 0, 0, 0, 6, 170
"/home/liuchen/项目/Muduo_WebServer/mymuduo/.VSCodeCounter/2023-01-18_00-30-25/diff-details.md", "Markdown", 0, 9, 0, 0, 0, 0, 0, 0, 6, 15
"/home/liuchen/项目/Muduo_WebServer/mymuduo/.VSCodeCounter/2023-01-18_00-30-25/diff.md", "Markdown", 0, 12, 0, 0, 0, 0, 0, 0, 7, 19
"/home/liuchen/项目/Muduo_WebServer/mymuduo/.VSCodeCounter/2023-01-18_00-30-25/results.json", "JSON", 0, 0, 0, 0, 1, 0, 0, 0, 0, 1
"/home/liuchen/项目/Muduo_WebServer/mymuduo/.VSCodeCounter/2023-01-18_00-30-25/results.md", "Markdown", 0, 29, 0, 0, 0, 0, 0, 0, 7, 36
"/home/liuchen/项目/Muduo_WebServer/mymuduo/.VSCodeCounter/2023-01-26_23-25-35/details.md", "Markdown", 0, 63, 0, 0, 0, 0, 0, 0, 6, 69
"/home/liuchen/项目/Muduo_WebServer/mymuduo/.VSCodeCounter/2023-01-26_23-25-35/diff-details.md", "Markdown", 0, 218, 0, 0, 0, 0, 0, 0, 6, 224
"/home/liuchen/项目/Muduo_WebServer/mymuduo/.VSCodeCounter/2023-01-26_23-25-35/diff.md", "Markdown", 0, 56, 0, 0, 0, 0, 0, 0, 7, 63
"/home/liuchen/项目/Muduo_WebServer/mymuduo/.VSCodeCounter/2023-01-26_23-25-35/results.json", "JSON", 0, 0, 0, 0, 1, 0, 0, 0, 0, 1
"/home/liuchen/项目/Muduo_WebServer/mymuduo/.VSCodeCounter/2023-01-26_23-25-35/results.md", "Markdown", 0, 36, 0, 0, 0, 0, 0, 0, 7, 43
"/home/liuchen/项目/Muduo_WebServer/mymuduo/Readme.md", "Markdown", 0, 2, 0, 0, 0, 0, 0, 0, 1, 3
"/home/liuchen/项目/Muduo_WebServer/mymuduo/include/mymuduo/Acceptor.h", "C++", 30, 0, 0, 0, 0, 0, 0, 3, 8, 41
"/home/liuchen/项目/Muduo_WebServer/mymuduo/include/mymuduo/AsyncLogging.h", "C++", 48, 0, 0, 0, 0, 0, 0, 0, 10, 58
"/home/liuchen/项目/Muduo_WebServer/mymuduo/include/mymuduo/Buffer.h", "C++", 107, 0, 0, 0, 0, 0, 0, 6, 22, 135
"/home/liuchen/项目/Muduo_WebServer/mymuduo/include/mymuduo/Callbacks.h", "C++", 16, 0, 0, 0, 0, 0, 0, 2, 6, 24
"/home/liuchen/项目/Muduo_WebServer/mymuduo/include/mymuduo/Channel.h", "C++", 75, 0, 0, 0, 0, 0, 0, 11, 17, 103
"/home/liuchen/项目/Muduo_WebServer/mymuduo/include/mymuduo/CurrentThread.h", "C++", 19, 0, 0, 0, 0, 0, 0, 2, 8, 29
"/home/liuchen/项目/Muduo_WebServer/mymuduo/include/mymuduo/EpollPoller.h", "C++", 25, 0, 0, 0, 0, 0, 0, 10, 8, 43
"/home/liuchen/项目/Muduo_WebServer/mymuduo/include/mymuduo/EventLoop.h", "C++", 62, 0, 0, 0, 0, 0, 0, 27, 21, 110
"/home/liuchen/项目/Muduo_WebServer/mymuduo/include/mymuduo/EventLoopThread.h", "C++", 27, 0, 0, 0, 0, 0, 0, 0, 9, 36
"/home/liuchen/项目/Muduo_WebServer/mymuduo/include/mymuduo/EventLoopThreadPool.h", "C++", 32, 0, 0, 0, 0, 0, 0, 1, 12, 45
"/home/liuchen/项目/Muduo_WebServer/mymuduo/include/mymuduo/FileUtil.h", "C++", 18, 0, 0, 0, 0, 0, 0, 1, 6, 25
"/home/liuchen/项目/Muduo_WebServer/mymuduo/include/mymuduo/InetAddress.h", "C++", 21, 0, 0, 0, 0, 0, 0, 1, 6, 28
"/home/liuchen/项目/Muduo_WebServer/mymuduo/include/mymuduo/LogFile.h", "C++", 24, 0, 0, 0, 0, 0, 0, 1, 8, 33
"/home/liuchen/项目/Muduo_WebServer/mymuduo/include/mymuduo/LogStream.h", "C++", 89, 0, 0, 0, 0, 0, 0, 1, 23, 113
"/home/liuchen/项目/Muduo_WebServer/mymuduo/include/mymuduo/Logger.h", "C++", 125, 0, 0, 0, 0, 0, 0, 79, 23, 227
"/home/liuchen/项目/Muduo_WebServer/mymuduo/include/mymuduo/Poller.h", "C++", 27, 0, 0, 0, 0, 0, 0, 6, 7, 40
"/home/liuchen/项目/Muduo_WebServer/mymuduo/include/mymuduo/Socket.h", "C++", 23, 0, 0, 0, 0, 0, 0, 1, 7, 31
"/home/liuchen/项目/Muduo_WebServer/mymuduo/include/mymuduo/TcpConnection.h", "C++", 86, 0, 0, 0, 0, 0, 0, 9, 24, 119
"/home/liuchen/项目/Muduo_WebServer/mymuduo/include/mymuduo/TcpServer.h", "C++", 53, 0, 0, 0, 0, 0, 0, 7, 15, 75
"/home/liuchen/项目/Muduo_WebServer/mymuduo/include/mymuduo/Thread.h", "C++", 33, 0, 0, 0, 0, 0, 0, 0, 10, 43
"/home/liuchen/项目/Muduo_WebServer/mymuduo/include/mymuduo/Timer.h", "C++", 39, 0, 0, 0, 0, 0, 0, 1, 10, 50
"/home/liuchen/项目/Muduo_WebServer/mymuduo/include/mymuduo/TimerId.h", "C++", 16, 0, 0, 0, 0, 0, 0, 0, 4, 20
"/home/liuchen/项目/Muduo_WebServer/mymuduo/include/mymuduo/TimerQueue.h", "C++", 41, 0, 0, 0, 0, 0, 0, 13, 14, 68
"/home/liuchen/项目/Muduo_WebServer/mymuduo/include/mymuduo/Timestamp.h", "C++", 39, 0, 0, 0, 0, 0, 0, 7, 8, 54
"/home/liuchen/项目/Muduo_WebServer/mymuduo/include/mymuduo/noncopyable.h", "C++", 13, 0, 0, 0, 0, 0, 0, 4, 2, 19
"/home/liuchen/项目/Muduo_WebServer/mymuduo/src/Acceptor.cc", "C++", 66, 0, 0, 0, 0, 0, 0, 2, 7, 75
"/home/liuchen/项目/Muduo_WebServer/mymuduo/src/AsyncLogging.cc", "C++", 82, 0, 0, 0, 0, 0, 0, 20, 15, 117
"/home/liuchen/项目/Muduo_WebServer/mymuduo/src/Buffer.cc", "C++", 42, 0, 0, 0, 0, 0, 0, 2, 8, 52
"/home/liuchen/项目/Muduo_WebServer/mymuduo/src/Channel.cc", "C++", 65, 0, 0, 0, 0, 0, 0, 7, 11, 83
"/home/liuchen/项目/Muduo_WebServer/mymuduo/src/CurrentThread.cc", "C++", 15, 0, 0, 0, 0, 0, 0, 0, 5, 20
"/home/liuchen/项目/Muduo_WebServer/mymuduo/src/DefaultPoller.cc", "C++", 17, 0, 0, 0, 0, 0, 0, 0, 4, 21
"/home/liuchen/项目/Muduo_WebServer/mymuduo/src/EpollPoller.cc", "C++", 129, 0, 0, 0, 0, 0, 0, 21, 17, 167
"/home/liuchen/项目/Muduo_WebServer/mymuduo/src/EventLoop.cc", "C++", 170, 0, 0, 0, 0, 0, 0, 34, 14, 218
"/home/liuchen/项目/Muduo_WebServer/mymuduo/src/EventLoopThread.cc", "C++", 49, 0, 0, 0, 0, 0, 0, 2, 11, 62
"/home/liuchen/项目/Muduo_WebServer/mymuduo/src/EventLoopThreadPool.cc", "C++", 54, 0, 0, 0, 0, 0, 0, 6, 9, 69
"/home/liuchen/项目/Muduo_WebServer/mymuduo/src/FileUtil.cc", "C++", 40, 0, 0, 0, 0, 0, 0, 30, 5, 75
"/home/liuchen/项目/Muduo_WebServer/mymuduo/src/InetAddress.cc", "C++", 32, 0, 0, 0, 0, 0, 0, 12, 7, 51
"/home/liuchen/项目/Muduo_WebServer/mymuduo/src/LogFile.cc", "C++", 34, 0, 0, 0, 0, 0, 0, 2, 7, 43
"/home/liuchen/项目/Muduo_WebServer/mymuduo/src/LogStream.cc", "C++", 98, 0, 0, 0, 0, 0, 0, 2, 19, 119
"/home/liuchen/项目/Muduo_WebServer/mymuduo/src/Logger.cc", "C++", 138, 0, 0, 0, 0, 0, 0, 51, 27, 216
"/home/liuchen/项目/Muduo_WebServer/mymuduo/src/Poller.cc", "C++", 12, 0, 0, 0, 0, 0, 0, 0, 4, 16
"/home/liuchen/项目/Muduo_WebServer/mymuduo/src/Socket.cc", "C++", 68, 0, 0, 0, 0, 0, 0, 2, 13, 83
"/home/liuchen/项目/Muduo_WebServer/mymuduo/src/TcpConnection.cc", "C++", 242, 0, 0, 0, 0, 0, 0, 17, 21, 280
"/home/liuchen/项目/Muduo_WebServer/mymuduo/src/TcpServer.cc", "C++", 80, 0, 0, 0, 0, 0, 0, 11, 12, 103
"/home/liuchen/项目/Muduo_WebServer/mymuduo/src/Thread.cc", "C++", 46, 0, 0, 0, 0, 0, 0, 10, 8, 64
"/home/liuchen/项目/Muduo_WebServer/mymuduo/src/Timer.cc", "C++", 16, 0, 0, 0, 0, 0, 0, 0, 2, 18
"/home/liuchen/项目/Muduo_WebServer/mymuduo/src/TimerQueue.cc", "C++", 173, 0, 0, 0, 0, 0, 0, 11, 30, 214
"/home/liuchen/项目/Muduo_WebServer/mymuduo/src/Timestamp.cc", "C++", 26, 0, 0, 0, 0, 0, 0, 7, 8, 41
"/home/liuchen/项目/Muduo_WebServer/mymuduo/test/muduo_server.cpp", "C++", 60, 0, 0, 0, 0, 0, 0, 14, 7, 81
"/home/liuchen/项目/Muduo_WebServer/mymuduo/test/test01.cc", "C++", 24, 0, 0, 0, 0, 0, 0, 1, 6, 31
"/home/liuchen/项目/Muduo_WebServer/mymuduo/test/testmuduo/muduo_server.cpp", "C++", 59, 0, 0, 0, 0, 0, 0, 14, 6, 79
"Total", "-", 4055, 601, 74, 348, 2742, 279, 222, 549, 1037, 9907